{
  "vtkClass": "vtkPolyData",
  "points": {
      "vtkClass": "vtkPoints",
      "name": "points",
      "numberOfComponents": 3,
      "dataType": "Float32Array",
      "ref": {
         "encode": "LittleEndian",
         "basepath": "data",
         "id": "Float32_53424-6733f7cddcf45f7e6901f90f956a8206"
      },
      "size": 53424
    },
  "verts": {
      "vtkClass": "vtkCellArray",
      "name": "verts",
      "numberOfComponents": 1,
      "dataType": "Int32Array",
      "ref": {
         "encode": "LittleEndian",
         "basepath": "data",
         "id": "Int32_572-68083a46ecf9795ad05912df1b45b5b8"
      },
      "size": 572
    },
  "lines": {
      "vtkClass": "vtkCellArray",
      "name": "lines",
      "numberOfComponents": 1,
      "dataType": "Int32Array",
      "ref": {
         "encode": "LittleEndian",
         "basepath": "data",
         "id": "Int32_29223-65d1cd8457e1bd39ed38d1ba52c4df89"
      },
      "size": 29223
    },
  "polys": {
      "vtkClass": "vtkCellArray",
      "name": "polys",
      "numberOfComponents": 1,
      "dataType": "Int32Array",
      "ref": {
         "encode": "LittleEndian",
         "basepath": "data",
         "id": "Int32_24736-32a6f43d6c69c85ee0c2bd3d27d1831c"
      },
      "size": 24736
    },
  "pointData": {
    "vtkClass": "vtkDataSetAttributes",
    "arrays": [
      { "data": {
      "vtkClass": "vtkDataArray",
      "name": "Normals",
      "numberOfComponents": 3,
      "dataType": "Float32Array",
      "ref": {
         "encode": "LittleEndian",
         "basepath": "data",
         "id": "Float32_53424-738a0579330773ba8482aae86c8f10b4"
      },
      "size": 53424
    }}
    ],
    "activeTCoords": -1,
    "activeScalars": -1,
    "activeNormals": 0,
    "activeGlobalIds": -1,
    "activeTensors": -1,
    "activePedigreeIds": -1,
    "activeVectors": -1
  },
  "cellData": {
    "vtkClass": "vtkDataSetAttributes",
    "arrays": [
      { "data": {
      "vtkClass": "vtkDataArray",
      "name": "SUBSHAPE_IDS",
      "numberOfComponents": 1,
      "dataType": "Int32Array",
      "ref": {
         "encode": "LittleEndian",
         "basepath": "data",
         "id": "Int32_16211-e18f137a9a5e8293345498820b1ce6e6"
      },
      "size": 16211
    }},
      { "data": {
      "vtkClass": "vtkDataArray",
      "name": "MESH_TYPES",
      "numberOfComponents": 1,
      "dataType": "Int32Array",
      "ref": {
         "encode": "LittleEndian",
         "basepath": "data",
         "id": "Int32_16211-9ba15252a8492718c7299fb8b8607287"
      },
      "size": 16211
    }},
      { "data": {
      "vtkClass": "vtkDataArray",
      "name": "Normals",
      "numberOfComponents": 3,
      "dataType": "Float32Array",
      "ref": {
         "encode": "LittleEndian",
         "basepath": "data",
         "id": "Float32_48633-9ab1014a745ad0fb5c29e36f00aea6be"
      },
      "size": 48633
    }}
    ],
    "activeTCoords": -1,
    "activeScalars": -1,
    "activeNormals": 2,
    "activeGlobalIds": -1,
    "activeTensors": -1,
    "activePedigreeIds": -1,
    "activeVectors": -1
  }}
