{
  "version": 1.0,
  "background": [1, 1, 1],
  "camera": {
    "focalPoint": [0, 0, 0],
    "position": [0, 0, 54.7774],
    "viewUp": [0, 1, 0]
  },
  "centerOfRotation": [0, 0, 0],
  "scene": [
    {
      "name": "1",
      "type": "httpDataSetReader",
      "httpDataSetReader": { "url": "1" },
      "actor": {
        "origin": [0, 0, 0],
        "scale": [1, 1, 1],
        "position": [0, 0, 0]
      },
      "actorRotation": [0, 0, 0, 1],
      "mapper": {
        "colorByArrayName": "",
        "colorMode": 0,
        "scalarMode": 0
      },
      "property": {
        "representation": 2,
        "edgeVisibility": 0,
        "diffuseColor": [1, 0.8, 0],
        "pointSize": 1,
        "opacity": 1
      }
    }
  ],
  "lookupTables": {
  }
}
